Name,Symbol,Side,Status,Filled,Total Qty,Price,Avg Price,Time-in-Force,Placed Time,Filled Time
SPY 09/30/2022 00:00:00 EDT Call $364.00,SPY220930C00364000,Sell,Filled,4,4,@2.02,2.02,DAY,09/30/2022 10:34:59 EDT,09/30/2022 10:35:01 EDT
SPY 09/30/2022 00:00:00 EDT Call $364.00,SPY220930C00364000,Buy,Filled,4,4,@1.90,1.90,DAY,09/30/2022 09:55:47 EDT,09/30/2022 09:55:47 EDT
SPY 09/28/2022 00:00:00 EDT Put $353.00,SPY220928P00353000,Sell,Filled,1,1,@0.270,0.270,DAY,09/27/2022 15:02:41 EDT,09/27/2022 15:06:43 EDT
SPY 09/28/2022 00:00:00 EDT Put $353.00,SPY220928P00353000,Buy,Filled,1,1,@0.230,0.230,DAY,09/27/2022 14:55:20 EDT,09/27/2022 14:55:21 EDT
SPY 09/23/2022 00:00:00 EDT Call $371.00,SPY 09/23/2022 00:00:00 EDT Call $371.00,Sell,Filled,1,1,@0.220,0.220,DAY,09/23/2022 12:55:33 EDT,09/23/2022 12:55:34 EDT
SPY 09/23/2022 00:00:00 EDT Call $371.00,SPY 09/23/2022 00:00:00 EDT Call $371.00,Buy,Filled,1,1,@0.200,0.200,DAY,09/23/2022 12:43:37 EDT,09/23/2022 12:44:21 EDT
SPY 09/23/2022 00:00:00 EDT Call $370.00,SPY 09/23/2022 00:00:00 EDT Call $370.00,Buy,Cancelled,0,1,@0.250,,DAY,09/23/2022 12:37:49 EDT,
SPY 09/23/2022 00:00:00 EDT Call $385.00,SPY 09/23/2022 00:00:00 EDT Call $385.00,Sell,Filled,1,1,@0.200,0.200,DAY,09/22/2022 15:39:04 EDT,09/22/2022 15:47:24 EDT
SPY 09/23/2022 00:00:00 EDT Call $385.00,SPY 09/23/2022 00:00:00 EDT Call $385.00,Buy,Filled,1,1,@0.180,0.180,DAY,09/22/2022 15:31:33 EDT,09/22/2022 15:31:34 EDT
SPY 09/19/2022 00:00:00 EDT Call $388.00,SPY 09/19/2022 00:00:00 EDT Call $388.00,Sell,Filled,1,1,@0.090,0.090,DAY,09/19/2022 14:27:23 EDT,09/19/2022 14:27:24 EDT
SPY 09/19/2022 00:00:00 EDT Call $388.00,SPY 09/19/2022 00:00:00 EDT Call $388.00,Buy,Filled,1,1,@0.310,0.310,DAY,09/19/2022 13:31:09 EDT,09/19/2022 13:31:19 EDT
SPY 09/02/2022 00:00:00 EDT Call $405.00,SPY 09/02/2022 00:00:00 EDT Call $405.00,Sell,Filled,5,5,@0.090,0.090,DAY,09/02/2022 10:56:11 EDT,09/02/2022 10:56:12 EDT
SPY 09/02/2022 00:00:00 EDT Call $405.00,SPY 09/02/2022 00:00:00 EDT Call $405.00,Buy,Filled,1,1,@0.130,0.130,DAY,09/02/2022 10:55:26 EDT,09/02/2022 10:55:44 EDT
SPY 09/02/2022 00:00:00 EDT Call $405.00,SPY 09/02/2022 00:00:00 EDT Call $405.00,Buy,Filled,4,4,@0.250,0.250,DAY,09/02/2022 10:33:14 EDT,09/02/2022 10:33:15 EDT
SPY 09/06/2022 00:00:00 EDT Put $390.00,SPY 09/06/2022 00:00:00 EDT Put $390.00,Sell,Filled,3,3,@0.260,0.260,DAY,09/02/2022 10:32:47 EDT,09/02/2022 10:32:48 EDT
SPY 09/06/2022 00:00:00 EDT Put $390.00,SPY 09/06/2022 00:00:00 EDT Put $390.00,Buy,Filled,2,2,@0.520,0.520,DAY,09/02/2022 09:38:31 EDT,09/02/2022 09:40:35 EDT
SPY 09/06/2022 00:00:00 EDT Put $390.00,SPY 09/06/2022 00:00:00 EDT Put $390.00,Buy,Filled,1,1,@1.99,1.99,DAY,09/01/2022 15:31:04 EDT,09/01/2022 15:31:04 EDT
SPY 09/02/2022 00:00:00 EDT Call $391.00,SPY 09/02/2022 00:00:00 EDT Call $391.00,Sell,Filled,1,1,@2.85,2.85,DAY,09/01/2022 11:25:19 EDT,09/01/2022 11:25:19 EDT
SPY 09/02/2022 00:00:00 EDT Call $391.00,SPY 09/02/2022 00:00:00 EDT Call $391.00,Buy,Filled,1,1,@2.61,2.61,DAY,09/01/2022 11:02:31 EDT,09/01/2022 11:02:32 EDT
SPY 09/14/2022 00:00:00 EDT Put $400.00,SPY 09/14/2022 00:00:00 EDT Put $400.00,Sell,Filled,1,1,@5.78,5.78,DAY,08/29/2022 15:40:22 EDT,08/29/2022 15:40:23 EDT
SPY 09/14/2022 00:00:00 EDT Put $400.00,SPY 09/14/2022 00:00:00 EDT Put $400.00,Buy,Filled,1,1,@2.16,2.16,DAY,08/15/2022 10:19:50 EDT,08/15/2022 10:19:50 EDT
SPY 08/15/2022 00:00:00 EDT Put $424.00,SPY 08/15/2022 00:00:00 EDT Put $424.00,Sell,Filled,6,6,@0.400,0.400,DAY,08/15/2022 10:18:13 EDT,08/15/2022 10:18:16 EDT
SPY 08/15/2022 00:00:00 EDT Put $424.00,SPY 08/15/2022 00:00:00 EDT Put $424.00,Buy,Filled,6,6,@0.340,0.340,DAY,08/15/2022 09:58:32 EDT,08/15/2022 09:58:33 EDT
SPY 08/17/2022 00:00:00 EDT Put $415.00,SPY 08/17/2022 00:00:00 EDT Put $415.00,Sell,Filled,9,9,@0.180,0.180,DAY,08/15/2022 09:56:57 EDT,08/15/2022 09:57:12 EDT
SPY 08/17/2022 00:00:00 EDT Put $415.00,SPY 08/17/2022 00:00:00 EDT Put $415.00,Buy,Filled,3,3,@1.00,1.00,DAY,08/11/2022 11:00:37 EDT,08/11/2022 11:01:16 EDT
SPY 08/17/2022 00:00:00 EDT Put $415.00,SPY 08/17/2022 00:00:00 EDT Put $415.00,Buy,Filled,4,4,@0.960,0.960,DAY,08/11/2022 10:59:03 EDT,08/11/2022 10:59:07 EDT
SPY 08/17/2022 00:00:00 EDT Put $415.00,SPY 08/17/2022 00:00:00 EDT Put $415.00,Buy,Filled,2,2,@2.21,2.21,DAY,08/10/2022 14:53:16 EDT,08/10/2022 14:53:35 EDT
SPY 08/19/2022 00:00:00 EDT Put $400.00,SPY 08/19/2022 00:00:00 EDT Put $400.00,Sell,Filled,2,2,@2.08,2.08,DAY,08/09/2022 10:09:11 EDT,08/09/2022 10:09:21 EDT
SPY 08/19/2022 00:00:00 EDT Put $400.00,SPY 08/19/2022 00:00:00 EDT Put $400.00,Buy,Filled,1,1,@1.22,1.22,DAY,08/08/2022 10:05:36 EDT,08/08/2022 10:05:37 EDT
SPY 08/19/2022 00:00:00 EDT Put $400.00,SPY 08/19/2022 00:00:00 EDT Put $400.00,Buy,Filled,1,1,@2.26,2.26,DAY,08/05/2022 14:14:26 EDT,08/05/2022 14:14:54 EDT
SPY 08/05/2022 00:00:00 EDT Put $410.00,SPY 08/05/2022 00:00:00 EDT Put $410.00,Sell,Filled,13,13,@0.850,0.850,DAY,08/05/2022 11:27:32 EDT,08/05/2022 11:27:40 EDT
SPY 08/05/2022 00:00:00 EDT Put $410.00,SPY 08/05/2022 00:00:00 EDT Put $410.00,Buy,Filled,13,13,@0.330,0.330,DAY,08/05/2022 10:32:03 EDT,08/05/2022 10:32:03 EDT
SPY 08/10/2022 00:00:00 EDT Put $411.00,SPY 08/10/2022 00:00:00 EDT Put $411.00,Sell,Filled,1,1,@4.31,4.31,DAY,08/05/2022 09:31:56 EDT,08/05/2022 09:31:59 EDT
SPY 08/10/2022 00:00:00 EDT Put $411.00,SPY 08/10/2022 00:00:00 EDT Put $411.00,Buy,Filled,1,1,@2.84,2.84,DAY,08/04/2022 15:48:14 EDT,08/04/2022 15:48:16 EDT
SPY 08/10/2022 00:00:00 EDT Put $410.00,SPY 08/10/2022 00:00:00 EDT Put $410.00,Sell,Filled,1,1,@2.55,2.55,DAY,08/04/2022 12:24:51 EDT,08/04/2022 12:24:54 EDT
SPY 08/10/2022 00:00:00 EDT Put $410.00,SPY 08/10/2022 00:00:00 EDT Put $410.00,Buy,Filled,1,1,@2.63,2.63,DAY,08/03/2022 15:59:29 EDT,08/03/2022 15:59:30 EDT
SPY 08/03/2022 00:00:00 EDT Put $408.00,SPY 08/03/2022 00:00:00 EDT Put $408.00,Sell,Filled,153,153,@0.020,0.020,DAY,08/03/2022 13:24:19 EDT,08/03/2022 13:34:30 EDT
SPY 08/03/2022 00:00:00 EDT Put $408.00,SPY 08/03/2022 00:00:00 EDT Put $408.00,Buy,Filled,43,43,@0.100,0.100,DAY,08/03/2022 11:27:47 EDT,08/03/2022 11:28:00 EDT
SPY 08/03/2022 00:00:00 EDT Put $408.00,SPY 08/03/2022 00:00:00 EDT Put $408.00,Buy,Filled,50,50,@0.110,0.110,DAY,08/03/2022 11:13:21 EDT,08/03/2022 11:14:52 EDT
SPY 08/03/2022 00:00:00 EDT Put $408.00,SPY 08/03/2022 00:00:00 EDT Put $408.00,Buy,Filled,32,32,@0.160,0.160,DAY,08/03/2022 11:02:33 EDT,08/03/2022 11:02:33 EDT
SPY 08/03/2022 00:00:00 EDT Put $408.00,SPY 08/03/2022 00:00:00 EDT Put $408.00,Buy,Filled,28,28,@0.200,0.200,DAY,08/03/2022 10:51:15 EDT,08/03/2022 11:00:01 EDT
SPY 08/01/2022 00:00:00 EDT Put $409.00,SPY 08/01/2022 00:00:00 EDT Put $409.00,Sell,Filled,35,35,@0.280,0.280,DAY,08/01/2022 12:58:59 EDT,08/01/2022 13:01:25 EDT
SPY 08/01/2022 00:00:00 EDT Put $409.00,SPY 08/01/2022 00:00:00 EDT Put $409.00,Sell,Cancelled,0,35,@0.260,,DAY,08/01/2022 12:57:24 EDT,
SPY 08/01/2022 00:00:00 EDT Put $409.00,SPY 08/01/2022 00:00:00 EDT Put $409.00,Sell,Cancelled,0,35,@0.260,,DAY,08/01/2022 12:43:45 EDT,
SPY 08/01/2022 00:00:00 EDT Put $409.00,SPY 08/01/2022 00:00:00 EDT Put $409.00,Buy,Filled,20,20,@0.190,0.190,DAY,08/01/2022 12:23:04 EDT,08/01/2022 12:23:13 EDT
SPY 08/01/2022 00:00:00 EDT Put $409.00,SPY 08/01/2022 00:00:00 EDT Put $409.00,Buy,Filled,15,15,@0.280,0.280,DAY,08/01/2022 11:04:48 EDT,08/01/2022 11:04:49 EDT
SPY 07/29/2022 00:00:00 EDT Put $405.00,SPY 07/29/2022 00:00:00 EDT Put $405.00,Sell,Filled,133,133,@0.180,0.180,DAY,07/29/2022 11:00:29 EDT,07/29/2022 11:00:30 EDT
SPY 07/29/2022 00:00:00 EDT Put $405.00,SPY 07/29/2022 00:00:00 EDT Put $405.00,Buy,Filled,53,53,@0.120,0.120,DAY,07/29/2022 10:48:04 EDT,07/29/2022 10:48:05 EDT
SPY 07/29/2022 00:00:00 EDT Put $405.00,SPY 07/29/2022 00:00:00 EDT Put $405.00,Buy,Filled,80,80,@0.160,0.160,DAY,07/29/2022 10:29:54 EDT,07/29/2022 10:30:34 EDT
QQQ 08/05/2022 00:00:00 EDT Put $305.00,QQQ 08/05/2022 00:00:00 EDT Put $305.00,Sell,Filled,1,1,@1.66,1.66,DAY,07/29/2022 10:16:58 EDT,07/29/2022 10:16:58 EDT
QQQ 08/05/2022 00:00:00 EDT Put $305.00,QQQ 08/05/2022 00:00:00 EDT Put $305.00,Buy,Filled,1,1,@3.00,3.00,DAY,07/28/2022 15:30:47 EDT,07/28/2022 15:30:48 EDT
SPY 07/25/2022 00:00:00 EDT Put $395.00,SPY 07/25/2022 00:00:00 EDT Put $395.00,Sell,Filled,15,15,@0.950,0.950,DAY,07/25/2022 13:40:03 EDT,07/25/2022 13:40:03 EDT
SPY 07/25/2022 00:00:00 EDT Put $395.00,SPY 07/25/2022 00:00:00 EDT Put $395.00,Buy,Filled,15,15,@0.590,0.590,DAY,07/25/2022 13:21:26 EDT,07/25/2022 13:21:27 EDT
SPY 07/22/2022 00:00:00 EDT Put $398.00,SPY 07/22/2022 00:00:00 EDT Put $398.00,Sell,Filled,6,6,@2.42,2.42,DAY,07/22/2022 11:36:55 EDT,07/22/2022 11:36:59 EDT
SPY 07/22/2022 00:00:00 EDT Put $398.00,SPY 07/22/2022 00:00:00 EDT Put $398.00,Buy,Filled,3,3,@1.17,1.17,DAY,07/22/2022 10:34:51 EDT,07/22/2022 10:34:52 EDT
SPY 07/22/2022 00:00:00 EDT Put $398.00,SPY 07/22/2022 00:00:00 EDT Put $398.00,Buy,Filled,3,3,@1.42,1.42,DAY,07/22/2022 10:27:57 EDT,07/22/2022 10:27:58 EDT
QQQ 08/01/2022 00:00:00 EDT Call $311.00,QQQ 08/01/2022 00:00:00 EDT Call $311.00,Sell,Filled,2,2,@4.09,4.09,DAY,07/21/2022 12:31:58 EDT,07/21/2022 12:31:59 EDT
QQQ 08/01/2022 00:00:00 EDT Call $311.00,QQQ 08/01/2022 00:00:00 EDT Call $311.00,Buy,Filled,2,2,@2.11,2.11,DAY,07/20/2022 10:11:55 EDT,07/20/2022 10:11:56 EDT
QQQ 08/03/2022 00:00:00 EDT Put $292.00,QQQ 08/03/2022 00:00:00 EDT Put $292.00,Sell,Filled,1,1,@4.30,4.30,DAY,07/20/2022 10:10:13 EDT,07/20/2022 10:10:29 EDT
QQQ 08/03/2022 00:00:00 EDT Put $292.00,QQQ 08/03/2022 00:00:00 EDT Put $292.00,Buy,Filled,1,1,@5.27,5.27,DAY,07/19/2022 14:29:22 EDT,07/19/2022 14:29:22 EDT
SPY 07/18/2022 00:00:00 EDT Put $385.00,SPY 07/18/2022 00:00:00 EDT Put $385.00,Sell,Filled,7,7,@0.760,0.760,DAY,07/18/2022 13:49:43 EDT,07/18/2022 13:49:44 EDT
SPY 07/18/2022 00:00:00 EDT Put $385.00,SPY 07/18/2022 00:00:00 EDT Put $385.00,Buy,Filled,7,7,@0.340,0.340,DAY,07/18/2022 10:46:52 EDT,07/18/2022 10:46:53 EDT
SPY 07/15/2022 00:00:00 EDT Call $386.00,SPY 07/15/2022 00:00:00 EDT Call $386.00,Sell,Filled,8,8,@0.310,0.310,DAY,07/15/2022 13:35:06 EDT,07/15/2022 13:35:07 EDT
SPY 07/15/2022 00:00:00 EDT Call $386.00,SPY 07/15/2022 00:00:00 EDT Call $386.00,Sell,Cancelled,0,8,@1.00,,DAY,07/15/2022 11:40:58 EDT,
SPY 07/15/2022 00:00:00 EDT Call $386.00,SPY 07/15/2022 00:00:00 EDT Call $386.00,Buy,Filled,8,8,@0.500,0.500,DAY,07/15/2022 10:05:52 EDT,07/15/2022 10:05:53 EDT
SPY 07/18/2022 00:00:00 EDT Put $381.00,SPY 07/18/2022 00:00:00 EDT Put $381.00,Sell,Filled,2,2,@1.89,1.89,DAY,07/15/2022 10:05:18 EDT,07/15/2022 10:05:18 EDT
SPY 07/18/2022 00:00:00 EDT Put $381.00,SPY 07/18/2022 00:00:00 EDT Put $381.00,Buy,Filled,2,2,@2.47,2.47,DAY,07/15/2022 09:44:25 EDT,07/15/2022 09:44:35 EDT
SPY 08/05/2022 00:00:00 EDT Put $370.00,SPY 08/05/2022 00:00:00 EDT Put $370.00,Sell,Filled,1,1,@4.36,4.36,DAY,07/15/2022 09:33:47 EDT,07/15/2022 09:33:48 EDT
SPY 08/05/2022 00:00:00 EDT Put $370.00,SPY 08/05/2022 00:00:00 EDT Put $370.00,Buy,Filled,1,1,@10.49,10.49,DAY,07/05/2022 09:56:51 EDT,07/05/2022 09:57:17 EDT
SPY 07/08/2022 00:00:00 EDT Put $375.00,SPY 07/08/2022 00:00:00 EDT Put $375.00,Sell,Filled,2,2,@5.50,5.50,DAY,07/01/2022 10:32:00 EDT,07/01/2022 10:32:00 EDT
SPY 07/08/2022 00:00:00 EDT Put $375.00,SPY 07/08/2022 00:00:00 EDT Put $375.00,Buy,Filled,2,2,@5.06,5.06,DAY,07/01/2022 10:21:06 EDT,07/01/2022 10:21:09 EDT
SPY 06/30/2022 00:00:00 EDT Put $374.00,SPY 06/30/2022 00:00:00 EDT Put $374.00,Sell,Filled,4,4,@2.40,2.40,DAY,06/30/2022 09:54:14 EDT,06/30/2022 09:54:29 EDT
SPY 06/30/2022 00:00:00 EDT Put $374.00,SPY 06/30/2022 00:00:00 EDT Put $374.00,Buy,Filled,4,4,@1.91,1.91,DAY,06/30/2022 09:38:53 EDT,06/30/2022 09:38:54 EDT
SPY 07/13/2022 00:00:00 EDT Call $385.00,SPY 07/13/2022 00:00:00 EDT Call $385.00,Sell,Filled,1,1,@5.33,5.33,DAY,06/29/2022 11:07:24 EDT,06/29/2022 11:07:25 EDT
SPY 07/13/2022 00:00:00 EDT Call $385.00,SPY 07/13/2022 00:00:00 EDT Call $385.00,Buy,Filled,1,1,@6.03,6.03,DAY,06/29/2022 09:30:30 EDT,06/29/2022 09:30:30 EDT
SPY 07/27/2022 00:00:00 EDT Call $400.00,SPY 07/27/2022 00:00:00 EDT Call $400.00,Sell,Filled,1,1,@6.35,6.35,DAY,06/28/2022 10:03:41 EDT,06/28/2022 10:03:50 EDT
SPY 07/27/2022 00:00:00 EDT Call $400.00,SPY 07/27/2022 00:00:00 EDT Call $400.00,Buy,Filled,1,1,@5.93,5.93,DAY,06/27/2022 15:44:51 EDT,06/27/2022 15:44:53 EDT
SPY 07/15/2022 00:00:00 EDT Call $400.00,SPY 07/15/2022 00:00:00 EDT Call $400.00,Sell,Filled,2,2,@3.62,3.62,DAY,06/24/2022 10:04:52 EDT,06/24/2022 10:04:54 EDT
SPY 07/15/2022 00:00:00 EDT Call $400.00,SPY 07/15/2022 00:00:00 EDT Call $400.00,Buy,Filled,2,2,@2.76,2.76,DAY,06/24/2022 09:32:22 EDT,06/24/2022 09:32:23 EDT
SPY 07/08/2022 00:00:00 EDT Call $380.00,SPY 07/08/2022 00:00:00 EDT Call $380.00,Sell,Filled,1,1,@6.75,6.75,DAY,06/23/2022 10:04:04 EDT,06/23/2022 10:04:05 EDT
SPY 07/08/2022 00:00:00 EDT Call $380.00,SPY 07/08/2022 00:00:00 EDT Call $380.00,Buy,Filled,1,1,@6.62,6.62,DAY,06/23/2022 09:40:57 EDT,06/23/2022 09:41:06 EDT
SPY 07/06/2022 00:00:00 EDT Call $380.00,SPY 07/06/2022 00:00:00 EDT Call $380.00,Sell,Filled,1,1,@5.30,5.30,DAY,06/22/2022 15:36:47 EDT,06/22/2022 15:36:48 EDT
SPY 07/06/2022 00:00:00 EDT Call $380.00,SPY 07/06/2022 00:00:00 EDT Call $380.00,Buy,Filled,1,1,@6.01,6.01,DAY,06/21/2022 15:46:50 EDT,06/21/2022 15:46:51 EDT
SPY 07/01/2022 00:00:00 EDT Put $363.00,SPY 07/01/2022 00:00:00 EDT Put $363.00,Sell,Filled,1,1,@8.80,8.80,DAY,06/17/2022 10:52:42 EDT,06/17/2022 10:52:52 EDT
SPY 07/01/2022 00:00:00 EDT Put $363.00,SPY 07/01/2022 00:00:00 EDT Put $363.00,Sell,Cancelled,0,1,@8.87,,DAY,06/17/2022 10:51:54 EDT,
SPY 07/01/2022 00:00:00 EDT Put $363.00,SPY 07/01/2022 00:00:00 EDT Put $363.00,Buy,Filled,1,1,@7.37,7.37,DAY,06/16/2022 13:15:27 EDT,06/16/2022 13:15:28 EDT
SPY 07/01/2022 00:00:00 EDT Put $363.00,SPY 07/01/2022 00:00:00 EDT Put $363.00,Buy,Cancelled,0,1,@7.47,,DAY,06/16/2022 13:13:45 EDT,
SPY 03/09/2022 00:00:00 EST Call $435.00,SPY 03/09/2022 00:00:00 EST Call $435.00,Sell,Filled,25,25,@7.35,7.35,DAY,03/02/2022 11:06:48 EST,03/02/2022 11:06:49 EST
SPY 03/09/2022 00:00:00 EST Call $435.00,SPY 03/09/2022 00:00:00 EST Call $435.00,Buy,Filled,25,25,@6.90,6.90,DAY,03/02/2022 10:37:47 EST,03/02/2022 10:37:59 EST
SOFI 03/11/2022 00:00:00 EST Call $13.00,SOFI 03/11/2022 00:00:00 EST Call $13.00,Sell,Filled,105,105,@0.680,0.680,DAY,03/02/2022 09:31:44 EST,03/02/2022 09:31:51 EST
SPY 03/02/2022 00:00:00 EST Put $426.00,SPY 03/02/2022 00:00:00 EST Put $426.00,Sell,Filled,60,60,@2.90,2.90,DAY,03/01/2022 15:51:51 EST,03/01/2022 15:52:14 EST
SPY 03/02/2022 00:00:00 EST Put $426.00,SPY 03/02/2022 00:00:00 EST Put $426.00,Buy,Filled,60,60,@2.58,2.58,DAY,03/01/2022 15:43:33 EST,03/01/2022 15:43:35 EST
SPY 03/02/2022 00:00:00 EST Put $426.00,SPY 03/02/2022 00:00:00 EST Put $426.00,Sell,Filled,66,66,@2.32,2.32,DAY,03/01/2022 15:42:20 EST,03/01/2022 15:42:29 EST
SPY 03/02/2022 00:00:00 EST Put $426.00,SPY 03/02/2022 00:00:00 EST Put $426.00,Buy,Filled,66,66,@2.49,2.49,DAY,03/01/2022 15:40:03 EST,03/01/2022 15:40:04 EST
SPY 03/02/2022 00:00:00 EST Put $426.00,SPY 03/02/2022 00:00:00 EST Put $426.00,Sell,Filled,67,67,@2.42,2.42,DAY,03/01/2022 15:39:15 EST,03/01/2022 15:39:17 EST
SPY 03/02/2022 00:00:00 EST Put $426.00,SPY 03/02/2022 00:00:00 EST Put $426.00,Buy,Filled,67,67,@2.69,2.69,DAY,03/01/2022 15:29:50 EST,03/01/2022 15:30:19 EST
SPY 03/02/2022 00:00:00 EST Put $426.00,SPY 03/02/2022 00:00:00 EST Put $426.00,Sell,Filled,82,82,@2.24,2.24,DAY,03/01/2022 15:23:47 EST,03/01/2022 15:23:48 EST
SPY 03/02/2022 00:00:00 EST Put $426.00,SPY 03/02/2022 00:00:00 EST Put $426.00,Buy,Filled,82,82,@1.98,1.98,DAY,03/01/2022 15:12:13 EST,03/01/2022 15:12:14 EST
SPY 03/02/2022 00:00:00 EST Call $432.00,SPY 03/02/2022 00:00:00 EST Call $432.00,Sell,Filled,49,49,@3.33,3.33,DAY,03/01/2022 15:10:56 EST,03/01/2022 15:11:01 EST
SPY 03/02/2022 00:00:00 EST Call $432.00,SPY 03/02/2022 00:00:00 EST Call $432.00,Buy,Filled,49,49,@2.88,2.88,DAY,03/01/2022 15:01:10 EST,03/01/2022 15:01:11 EST
SOFI 03/11/2022 00:00:00 EST Call $13.00,SOFI 03/11/2022 00:00:00 EST Call $13.00,Buy,Filled,50,50,@0.6806,0.6806,DAY,03/01/2022 14:53:47 EST,03/01/2022 14:54:00 EST
AMD 03/04/2022 00:00:00 EST Call $117.00,AMD 03/04/2022 00:00:00 EST Call $117.00,Sell,Filled,104,104,@1.69,1.69,DAY,03/01/2022 14:50:43 EST,03/01/2022 14:51:34 EST
AMD 03/04/2022 00:00:00 EST Call $117.00,AMD 03/04/2022 00:00:00 EST Call $117.00,Buy,Filled,104,104,@2.04,2.04,DAY,03/01/2022 14:00:06 EST,03/01/2022 14:00:13 EST
SPY 03/02/2022 00:00:00 EST Call $432.00,SPY 03/02/2022 00:00:00 EST Call $432.00,Sell,Filled,80,80,@2.66,2.66,DAY,03/01/2022 13:59:08 EST,03/01/2022 13:59:09 EST
SPY 03/02/2022 00:00:00 EST Call $432.00,SPY 03/02/2022 00:00:00 EST Call $432.00,Buy,Filled,80,80,@2.68,2.68,DAY,03/01/2022 13:57:33 EST,03/01/2022 13:57:33 EST
SPY 03/02/2022 00:00:00 EST Put $426.00,SPY 03/02/2022 00:00:00 EST Put $426.00,Sell,Filled,73,73,@2.89,2.89,DAY,03/01/2022 13:55:22 EST,03/01/2022 13:55:23 EST
SPY 03/02/2022 00:00:00 EST Put $426.00,SPY 03/02/2022 00:00:00 EST Put $426.00,Buy,Filled,73,73,@2.97,2.97,DAY,03/01/2022 13:43:51 EST,03/01/2022 13:43:52 EST
SPY 03/02/2022 00:00:00 EST Put $429.00,SPY 03/02/2022 00:00:00 EST Put $429.00,Sell,Filled,55,55,@4.01,4.01,DAY,03/01/2022 13:37:07 EST,03/01/2022 13:37:08 EST
SPY 03/02/2022 00:00:00 EST Put $429.00,SPY 03/02/2022 00:00:00 EST Put $429.00,Buy,Filled,55,55,@3.32,3.32,DAY,03/01/2022 13:07:16 EST,03/01/2022 13:07:52 EST
SPY 03/02/2022 00:00:00 EST Call $432.00,SPY 03/02/2022 00:00:00 EST Call $432.00,Sell,Filled,55,55,@3.30,3.30,DAY,03/01/2022 13:06:16 EST,03/01/2022 13:06:25 EST
SPY 03/02/2022 00:00:00 EST Call $432.00,SPY 03/02/2022 00:00:00 EST Call $432.00,Buy,Filled,55,55,@3.18,3.18,DAY,03/01/2022 12:41:16 EST,03/01/2022 12:41:58 EST
SPY 03/02/2022 00:00:00 EST Call $432.00,SPY 03/02/2022 00:00:00 EST Call $432.00,Sell,Filled,58,58,@3.01,3.01,DAY,03/01/2022 12:37:00 EST,03/01/2022 12:37:01 EST
SPY 03/02/2022 00:00:00 EST Call $432.00,SPY 03/02/2022 00:00:00 EST Call $432.00,Buy,Filled,58,58,@3.32,3.32,DAY,03/01/2022 12:33:10 EST,03/01/2022 12:34:01 EST
SPY 03/02/2022 00:00:00 EST Call $432.00,SPY 03/02/2022 00:00:00 EST Call $432.00,Sell,Filled,63,63,@3.09,3.09,DAY,03/01/2022 12:30:14 EST,03/01/2022 12:30:16 EST
SPY 03/02/2022 00:00:00 EST Call $432.00,SPY 03/02/2022 00:00:00 EST Call $432.00,Buy,Filled,63,63,@2.95,2.95,DAY,03/01/2022 12:14:29 EST,03/01/2022 12:14:35 EST
SPY 03/02/2022 00:00:00 EST Put $426.00,SPY 03/02/2022 00:00:00 EST Put $426.00,Sell,Filled,64,64,@2.90,2.90,DAY,03/01/2022 12:13:27 EST,03/01/2022 12:13:46 EST
SPY 03/02/2022 00:00:00 EST Put $426.00,SPY 03/02/2022 00:00:00 EST Put $426.00,Buy,Filled,64,64,@3.20,3.20,DAY,03/01/2022 12:10:49 EST,03/01/2022 12:11:08 EST
SPY 03/02/2022 00:00:00 EST Put $426.00,SPY 03/02/2022 00:00:00 EST Put $426.00,Sell,Filled,67,67,@3.03,3.03,DAY,03/01/2022 12:09:47 EST,03/01/2022 12:09:48 EST
SPY 03/02/2022 00:00:00 EST Put $426.00,SPY 03/02/2022 00:00:00 EST Put $426.00,Buy,Filled,67,67,@2.84,2.84,DAY,03/01/2022 12:03:39 EST,03/01/2022 12:03:40 EST
SPY 03/02/2022 00:00:00 EST Call $431.00,SPY 03/02/2022 00:00:00 EST Call $431.00,Sell,Filled,57,57,@3.32,3.32,DAY,03/01/2022 12:02:44 EST,03/01/2022 12:02:45 EST
SPY 03/02/2022 00:00:00 EST Call $431.00,SPY 03/02/2022 00:00:00 EST Call $431.00,Buy,Filled,27,27,@3.55,3.55,DAY,03/01/2022 11:48:37 EST,03/01/2022 11:48:40 EST
SPY 03/02/2022 00:00:00 EST Call $431.00,SPY 03/02/2022 00:00:00 EST Call $431.00,Buy,Filled,10,10,@4.19,4.19,DAY,03/01/2022 11:40:41 EST,03/01/2022 11:40:44 EST
SPY 03/02/2022 00:00:00 EST Call $431.00,SPY 03/02/2022 00:00:00 EST Call $431.00,Buy,Filled,10,10,@4.00,4.00,DAY,03/01/2022 11:39:28 EST,03/01/2022 11:41:45 EST
SPY 03/02/2022 00:00:00 EST Call $431.00,SPY 03/02/2022 00:00:00 EST Call $431.00,Buy,Filled,10,10,@4.11,4.11,DAY,03/01/2022 11:37:37 EST,03/01/2022 11:37:38 EST
SPY 03/02/2022 00:00:00 EST Put $434.00,SPY 03/02/2022 00:00:00 EST Put $434.00,Sell,Filled,56,56,@3.90,3.90,DAY,03/01/2022 11:04:59 EST,03/01/2022 11:05:11 EST
SPY 03/02/2022 00:00:00 EST Put $434.00,SPY 03/02/2022 00:00:00 EST Put $434.00,Sell,Cancelled,0,56,@3.89,,DAY,03/01/2022 11:04:06 EST,
SPY 03/02/2022 00:00:00 EST Put $434.00,SPY 03/02/2022 00:00:00 EST Put $434.00,Buy,Filled,56,56,@3.87,3.87,DAY,03/01/2022 10:34:53 EST,03/01/2022 10:34:53 EST
SPY 03/02/2022 00:00:00 EST Call $433.00,SPY 03/02/2022 00:00:00 EST Call $433.00,Sell,Filled,47,47,@4.67,4.67,DAY,03/01/2022 10:29:30 EST,03/01/2022 10:29:34 EST
SPY 03/02/2022 00:00:00 EST Call $433.00,SPY 03/02/2022 00:00:00 EST Call $433.00,Buy,Filled,17,17,@5.15,5.15,DAY,03/01/2022 10:26:08 EST,03/01/2022 10:26:08 EST
SPY 03/02/2022 00:00:00 EST Call $433.00,SPY 03/02/2022 00:00:00 EST Call $433.00,Buy,Filled,30,30,@5.25,5.25,DAY,03/01/2022 10:20:02 EST,03/01/2022 10:20:24 EST
SPY 03/02/2022 00:00:00 EST Put $437.00,SPY 03/02/2022 00:00:00 EST Put $437.00,Sell,Filled,20,20,@4.90,4.90,DAY,03/01/2022 10:18:16 EST,03/01/2022 10:18:18 EST
SPY 03/02/2022 00:00:00 EST Put $437.00,SPY 03/02/2022 00:00:00 EST Put $437.00,Buy,Filled,20,20,@5.42,5.42,DAY,03/01/2022 10:09:08 EST,03/01/2022 10:09:09 EST
SPY 03/02/2022 00:00:00 EST Call $435.00,SPY 03/02/2022 00:00:00 EST Call $435.00,Sell,Filled,20,20,@3.93,3.93,DAY,03/01/2022 09:55:24 EST,03/01/2022 09:55:26 EST
SPY 03/02/2022 00:00:00 EST Call $435.00,SPY 03/02/2022 00:00:00 EST Call $435.00,Buy,Filled,10,10,@4.71,4.71,DAY,03/01/2022 09:50:20 EST,03/01/2022 09:50:21 EST
SPY 03/02/2022 00:00:00 EST Call $435.00,SPY 03/02/2022 00:00:00 EST Call $435.00,Buy,Filled,10,10,@5.15,5.15,DAY,03/01/2022 09:37:03 EST,03/01/2022 09:37:11 EST
SOFI 03/11/2022 00:00:00 EST Call $13.00,SOFI 03/11/2022 00:00:00 EST Call $13.00,Buy,Filled,20,20,@0.590,0.590,DAY,02/28/2022 15:58:27 EST,02/28/2022 15:58:36 EST
SPY 03/02/2022 00:00:00 EST Put $435.00,SPY 03/02/2022 00:00:00 EST Put $435.00,Sell,Filled,12,12,@4.23,4.23,DAY,02/28/2022 15:49:43 EST,02/28/2022 15:49:44 EST
SPY 03/02/2022 00:00:00 EST Put $435.00,SPY 03/02/2022 00:00:00 EST Put $435.00,Buy,Filled,12,12,@5.13,5.13,DAY,02/28/2022 14:00:17 EST,02/28/2022 14:00:28 EST
SPY 02/28/2022 00:00:00 EST Call $434.00,SPY 02/28/2022 00:00:00 EST Call $434.00,Sell,Filled,22,22,@1.77,1.77,DAY,02/28/2022 13:58:34 EST,02/28/2022 13:58:42 EST
SPY 02/28/2022 00:00:00 EST Call $434.00,SPY 02/28/2022 00:00:00 EST Call $434.00,Buy,Filled,22,22,@2.29,2.29,DAY,02/28/2022 13:51:51 EST,02/28/2022 13:51:51 EST
SPY 02/28/2022 00:00:00 EST Put $436.00,SPY 02/28/2022 00:00:00 EST Put $436.00,Sell,Filled,12,12,@2.44,2.44,DAY,02/28/2022 13:51:13 EST,02/28/2022 13:51:13 EST
SPY 02/28/2022 00:00:00 EST Put $436.00,SPY 02/28/2022 00:00:00 EST Put $436.00,Buy,Filled,12,12,@3.44,3.44,DAY,02/28/2022 13:48:17 EST,02/28/2022 13:48:27 EST
SPY 02/28/2022 00:00:00 EST Put $436.00,SPY 02/28/2022 00:00:00 EST Put $436.00,Sell,Filled,7,7,@2.72,2.72,DAY,02/28/2022 13:41:17 EST,02/28/2022 13:41:18 EST
SPY 02/28/2022 00:00:00 EST Put $436.00,SPY 02/28/2022 00:00:00 EST Put $436.00,Buy,Filled,3,3,@3.19,3.19,DAY,02/28/2022 13:37:01 EST,02/28/2022 13:37:08 EST
SPY 02/28/2022 00:00:00 EST Put $436.00,SPY 02/28/2022 00:00:00 EST Put $436.00,Sell,Cancelled,0,4,@3.45,,DAY,02/28/2022 13:34:50 EST,
SPY 02/28/2022 00:00:00 EST Put $436.00,SPY 02/28/2022 00:00:00 EST Put $436.00,Buy,Filled,4,4,@3.32,3.32,DAY,02/28/2022 13:34:07 EST,02/28/2022 13:34:10 EST
SPY 02/28/2022 00:00:00 EST Call $431.00,SPY 02/28/2022 00:00:00 EST Call $431.00,Sell,Filled,3,3,@3.32,3.32,DAY,02/28/2022 13:31:04 EST,02/28/2022 13:31:05 EST
SPY 02/28/2022 00:00:00 EST Call $431.00,SPY 02/28/2022 00:00:00 EST Call $431.00,Buy,Filled,3,3,@3.63,3.63,DAY,02/28/2022 13:28:17 EST,02/28/2022 13:28:18 EST
SPY 02/28/2022 00:00:00 EST Put $436.00,SPY 02/28/2022 00:00:00 EST Put $436.00,Sell,Filled,4,4,@3.15,3.15,DAY,02/28/2022 13:18:59 EST,02/28/2022 13:19:00 EST
SPY 02/28/2022 00:00:00 EST Put $436.00,SPY 02/28/2022 00:00:00 EST Put $436.00,Buy,Filled,4,4,@2.83,2.83,DAY,02/28/2022 13:17:15 EST,02/28/2022 13:17:22 EST
SOFI 03/11/2022 00:00:00 EST Call $13.00,SOFI 03/11/2022 00:00:00 EST Call $13.00,Buy,Filled,20,20,@0.540,0.540,DAY,02/28/2022 13:07:04 EST,02/28/2022 13:07:39 EST
SPY 03/16/2022 00:00:00 EDT Put $434.00,SPY 03/16/2022 00:00:00 EDT Put $434.00,Sell,Filled,2,2,@9.68,9.68,DAY,02/28/2022 13:05:25 EST,02/28/2022 13:05:26 EST
SPY 03/16/2022 00:00:00 EDT Put $434.00,SPY 03/16/2022 00:00:00 EDT Put $434.00,Buy,Filled,2,2,@10.54,10.54,DAY,02/28/2022 12:54:58 EST,02/28/2022 12:54:59 EST
SPY 02/28/2022 00:00:00 EST Put $436.00,SPY 02/28/2022 00:00:00 EST Put $436.00,Sell,Filled,117,117,@2.89,2.89,DAY,02/28/2022 12:36:51 EST,02/28/2022 12:37:06 EST
SPY 02/28/2022 00:00:00 EST Put $436.00,SPY 02/28/2022 00:00:00 EST Put $436.00,Sell,Cancelled,0,117,@2.49,,DAY,02/28/2022 12:31:09 EST,
SPY 02/28/2022 00:00:00 EST Put $436.00,SPY 02/28/2022 00:00:00 EST Put $436.00,Buy,Filled,49,49,@1.41,1.41,DAY,02/28/2022 11:22:32 EST,02/28/2022 11:22:35 EST
SPY 02/28/2022 00:00:00 EST Put $436.00,SPY 02/28/2022 00:00:00 EST Put $436.00,Buy,Filled,23,23,@2.17,2.17,DAY,02/28/2022 11:00:30 EST,02/28/2022 11:00:30 EST
SPY 02/28/2022 00:00:00 EST Put $436.00,SPY 02/28/2022 00:00:00 EST Put $436.00,Buy,Filled,20,20,@2.42,2.42,DAY,02/28/2022 10:46:47 EST,02/28/2022 10:46:48 EST
SPY 02/28/2022 00:00:00 EST Put $436.00,SPY 02/28/2022 00:00:00 EST Put $436.00,Buy,Filled,25,25,@4.22,4.22,DAY,02/28/2022 10:05:44 EST,02/28/2022 10:05:45 EST
SPY 02/28/2022 00:00:00 EST Call $430.00,SPY 02/28/2022 00:00:00 EST Call $430.00,Sell,Filled,20,20,@4.82,4.82,DAY,02/28/2022 10:05:03 EST,02/28/2022 10:05:04 EST
SPY 02/28/2022 00:00:00 EST Call $430.00,SPY 02/28/2022 00:00:00 EST Call $430.00,Buy,Filled,10,10,@5.25,5.25,DAY,02/28/2022 10:00:58 EST,02/28/2022 10:01:02 EST
SPY 02/28/2022 00:00:00 EST Call $430.00,SPY 02/28/2022 00:00:00 EST Call $430.00,Buy,Filled,10,10,@5.63,5.63,DAY,02/28/2022 10:00:07 EST,02/28/2022 10:00:17 EST
SPY 02/28/2022 00:00:00 EST Call $430.00,SPY 02/28/2022 00:00:00 EST Call $430.00,Sell,Filled,12,12,@5.38,5.38,DAY,02/28/2022 09:53:55 EST,02/28/2022 09:53:56 EST
SPY 02/28/2022 00:00:00 EST Call $430.00,SPY 02/28/2022 00:00:00 EST Call $430.00,Sell,Cancelled,0,12,@5.52,,DAY,02/28/2022 09:53:32 EST,
SPY 02/28/2022 00:00:00 EST Call $430.00,SPY 02/28/2022 00:00:00 EST Call $430.00,Buy,Filled,4,4,@5.00,5.00,DAY,02/28/2022 09:47:34 EST,02/28/2022 09:47:35 EST
SPY 02/28/2022 00:00:00 EST Call $430.00,SPY 02/28/2022 00:00:00 EST Call $430.00,Buy,Filled,3,3,@5.09,5.09,DAY,02/28/2022 09:45:51 EST,02/28/2022 09:45:52 EST
SPY 02/28/2022 00:00:00 EST Call $430.00,SPY 02/28/2022 00:00:00 EST Call $430.00,Buy,Filled,5,5,@5.04,5.04,DAY,02/28/2022 09:44:31 EST,02/28/2022 09:44:55 EST
SPY 03/07/2022 00:00:00 EST Call $433.00,SPY 03/07/2022 00:00:00 EST Call $433.00,Sell,Filled,5,5,@7.21,7.21,DAY,02/28/2022 09:40:42 EST,02/28/2022 09:40:43 EST
SPY 03/07/2022 00:00:00 EST Call $433.00,SPY 03/07/2022 00:00:00 EST Call $433.00,Buy,Filled,5,5,@7.09,7.09,DAY,02/28/2022 09:35:05 EST,02/28/2022 09:35:08 EST
SPY 03/16/2022 00:00:00 EDT Put $432.00,SPY 03/16/2022 00:00:00 EDT Put $432.00,Sell,Filled,6,6,@9.75,9.75,DAY,02/28/2022 09:32:15 EST,02/28/2022 09:32:16 EST
SPY 02/25/2022 00:00:00 EST Put $432.00,SPY 02/25/2022 00:00:00 EST Put $432.00,Sell,Filled,95,95,@0.340,0.340,DAY,02/25/2022 13:31:56 EST,02/25/2022 13:32:00 EST
SPY 02/25/2022 00:00:00 EST Put $432.00,SPY 02/25/2022 00:00:00 EST Put $432.00,Sell,Cancelled,0,95,@0.350,,DAY,02/25/2022 13:31:24 EST,
SPY 02/25/2022 00:00:00 EST Put $432.00,SPY 02/25/2022 00:00:00 EST Put $432.00,Buy,Filled,24,24,@0.450,0.450,DAY,02/25/2022 13:21:13 EST,02/25/2022 13:21:21 EST
SPY 02/25/2022 00:00:00 EST Put $432.00,SPY 02/25/2022 00:00:00 EST Put $432.00,Buy,Filled,21,21,@0.520,0.520,DAY,02/25/2022 13:14:25 EST,02/25/2022 13:14:26 EST
SPY 02/25/2022 00:00:00 EST Put $432.00,SPY 02/25/2022 00:00:00 EST Put $432.00,Buy,Filled,50,50,@0.620,0.620,DAY,02/25/2022 13:10:51 EST,02/25/2022 13:10:52 EST
SPY 02/25/2022 00:00:00 EST Put $434.00,SPY 02/25/2022 00:00:00 EST Put $434.00,Sell,Filled,40,40,@0.970,0.970,DAY,02/25/2022 13:08:31 EST,02/25/2022 13:08:32 EST
SPY 02/25/2022 00:00:00 EST Put $434.00,SPY 02/25/2022 00:00:00 EST Put $434.00,Buy,Filled,20,20,@0.870,0.870,DAY,02/25/2022 13:00:25 EST,02/25/2022 13:00:26 EST
SPY 02/25/2022 00:00:00 EST Put $434.00,SPY 02/25/2022 00:00:00 EST Put $434.00,Buy,Filled,20,20,@0.940,0.940,DAY,02/25/2022 12:59:05 EST,02/25/2022 12:59:13 EST
SPY 03/16/2022 00:00:00 EDT Put $432.00,SPY 03/16/2022 00:00:00 EDT Put $432.00,Buy,Filled,3,3,@8.04,8.04,DAY,02/25/2022 12:56:43 EST,02/25/2022 12:56:43 EST
SPY 03/16/2022 00:00:00 EDT Put $432.00,SPY 03/16/2022 00:00:00 EDT Put $432.00,Buy,Filled,3,3,@8.01,8.01,DAY,02/25/2022 12:55:22 EST,02/25/2022 12:55:32 EST
SPY 02/25/2022 00:00:00 EST Put $436.00,SPY 02/25/2022 00:00:00 EST Put $436.00,Sell,Filled,35,35,@1.37,1.37,DAY,02/25/2022 12:51:46 EST,02/25/2022 12:51:49 EST
SPY 02/25/2022 00:00:00 EST Put $436.00,SPY 02/25/2022 00:00:00 EST Put $436.00,Buy,Filled,35,35,@1.14,1.14,DAY,02/25/2022 12:43:51 EST,02/25/2022 12:43:51 EST
SPY 02/25/2022 00:00:00 EST Call $438.00,SPY 02/25/2022 00:00:00 EST Call $438.00,Sell,Filled,32,32,@1.03,1.03,DAY,02/25/2022 12:41:46 EST,02/25/2022 12:41:46 EST
SPY 02/25/2022 00:00:00 EST Call $438.00,SPY 02/25/2022 00:00:00 EST Call $438.00,Buy,Filled,7,7,@0.880,0.880,DAY,02/25/2022 12:39:44 EST,02/25/2022 12:39:45 EST
SPY 02/25/2022 00:00:00 EST Call $438.00,SPY 02/25/2022 00:00:00 EST Call $438.00,Sell,Cancelled,0,25,@0.880,,DAY,02/25/2022 12:37:52 EST,
SPY 02/25/2022 00:00:00 EST Call $438.00,SPY 02/25/2022 00:00:00 EST Call $438.00,Buy,Filled,25,25,@1.05,1.05,DAY,02/25/2022 12:35:37 EST,02/25/2022 12:35:54 EST
SPY 02/25/2022 00:00:00 EST Call $437.00,SPY 02/25/2022 00:00:00 EST Call $437.00,Sell,Filled,30,30,@1.51,1.51,DAY,02/25/2022 12:33:23 EST,02/25/2022 12:33:23 EST
SPY 02/25/2022 00:00:00 EST Call $437.00,SPY 02/25/2022 00:00:00 EST Call $437.00,Buy,Filled,30,30,@1.34,1.34,DAY,02/25/2022 12:32:11 EST,02/25/2022 12:32:12 EST
SPY 03/16/2022 00:00:00 EDT Put $436.00,SPY 03/16/2022 00:00:00 EDT Put $436.00,Sell,Filled,4,4,@8.80,8.80,DAY,02/25/2022 12:30:58 EST,02/25/2022 12:31:01 EST
SPY 03/16/2022 00:00:00 EDT Put $436.00,SPY 03/16/2022 00:00:00 EDT Put $436.00,Buy,Filled,2,2,@9.46,9.46,DAY,02/25/2022 12:15:02 EST,02/25/2022 12:15:03 EST
MSOS 03/04/2022 00:00:00 EST Put $21.00,MSOS 03/04/2022 00:00:00 EST Put $21.00,Buy,Cancelled,0,15,@0.750,,DAY,02/25/2022 12:12:02 EST,
SPY 03/16/2022 00:00:00 EDT Put $436.00,SPY 03/16/2022 00:00:00 EDT Put $436.00,Buy,Filled,2,2,@9.28,9.28,DAY,02/25/2022 12:08:57 EST,02/25/2022 12:09:06 EST
SPY 02/25/2022 00:00:00 EST Call $436.00,SPY 02/25/2022 00:00:00 EST Call $436.00,Sell,Filled,2,2,@1.73,1.73,DAY,02/25/2022 12:07:53 EST,02/25/2022 12:08:04 EST
SPY 02/25/2022 00:00:00 EST Call $436.00,SPY 02/25/2022 00:00:00 EST Call $436.00,Sell,Filled,4,4,@2.17,2.17,DAY,02/25/2022 12:02:24 EST,02/25/2022 12:02:27 EST
SPY 02/25/2022 00:00:00 EST Call $436.00,SPY 02/25/2022 00:00:00 EST Call $436.00,Buy,Filled,3,3,@1.95,1.95,DAY,02/25/2022 12:01:02 EST,02/25/2022 12:01:19 EST
SPY 02/25/2022 00:00:00 EST Call $436.00,SPY 02/25/2022 00:00:00 EST Call $436.00,Buy,Filled,3,3,@2.05,2.05,DAY,02/25/2022 11:59:15 EST,02/25/2022 11:59:48 EST
SOFI 03/11/2022 00:00:00 EST Call $13.00,SOFI 03/11/2022 00:00:00 EST Call $13.00,Buy,Filled,15,15,@0.310,0.310,DAY,02/25/2022 11:33:27 EST,02/25/2022 11:33:28 EST
SPY 02/25/2022 00:00:00 EST Put $434.00,SPY 02/25/2022 00:00:00 EST Put $434.00,Sell,Filled,21,21,@1.44,1.44,DAY,02/25/2022 11:27:49 EST,02/25/2022 11:27:52 EST
SPY 02/25/2022 00:00:00 EST Put $434.00,SPY 02/25/2022 00:00:00 EST Put $434.00,Buy,Filled,8,8,@1.32,1.32,DAY,02/25/2022 11:22:06 EST,02/25/2022 11:22:07 EST
SPY 02/25/2022 00:00:00 EST Put $434.00,SPY 02/25/2022 00:00:00 EST Put $434.00,Buy,Filled,4,4,@1.38,1.38,DAY,02/25/2022 11:20:23 EST,02/25/2022 11:20:38 EST
SPY 02/25/2022 00:00:00 EST Put $434.00,SPY 02/25/2022 00:00:00 EST Put $434.00,Buy,Filled,3,3,@1.37,1.37,DAY,02/25/2022 11:19:48 EST,02/25/2022 11:19:49 EST
SPY 02/25/2022 00:00:00 EST Put $434.00,SPY 02/25/2022 00:00:00 EST Put $434.00,Buy,Filled,6,6,@1.51,1.51,DAY,02/25/2022 11:19:10 EST,02/25/2022 11:19:13 EST
SPY 02/25/2022 00:00:00 EST Put $432.00,SPY 02/25/2022 00:00:00 EST Put $432.00,Sell,Filled,173,173,@1.54,1.54,DAY,02/25/2022 10:59:41 EST,02/25/2022 10:59:42 EST
SPY 02/25/2022 00:00:00 EST Put $432.00,SPY 02/25/2022 00:00:00 EST Put $432.00,Buy,Filled,173,173,@1.32,1.32,DAY,02/25/2022 10:52:24 EST,02/25/2022 10:52:25 EST
SPY 02/25/2022 00:00:00 EST Call $434.00,SPY 02/25/2022 00:00:00 EST Call $434.00,Sell,Filled,150,150,@1.61,1.61,DAY,02/25/2022 10:48:10 EST,02/25/2022 10:48:11 EST
SPY 02/25/2022 00:00:00 EST Call $434.00,SPY 02/25/2022 00:00:00 EST Call $434.00,Buy,Filled,150,150,@1.34,1.34,DAY,02/25/2022 10:46:01 EST,02/25/2022 10:46:02 EST
SPY 02/25/2022 00:00:00 EST Call $429.00,SPY 02/25/2022 00:00:00 EST Call $429.00,Sell,Filled,49,49,@4.10,4.10,DAY,02/25/2022 10:31:22 EST,02/25/2022 10:31:29 EST
SPY 02/25/2022 00:00:00 EST Call $429.00,SPY 02/25/2022 00:00:00 EST Call $429.00,Sell,Cancelled,0,49,@4.20,,DAY,02/25/2022 10:29:50 EST,
SPY 02/25/2022 00:00:00 EST Call $429.00,SPY 02/25/2022 00:00:00 EST Call $429.00,Buy,Filled,49,49,@2.09,2.09,DAY,02/25/2022 10:04:06 EST,02/25/2022 10:04:07 EST
SPY 02/25/2022 00:00:00 EST Call $431.00,SPY 02/25/2022 00:00:00 EST Call $431.00,Sell,Filled,100,100,@1.02,1.02,DAY,02/25/2022 10:02:44 EST,02/25/2022 10:02:44 EST
SPY 02/25/2022 00:00:00 EST Call $431.00,SPY 02/25/2022 00:00:00 EST Call $431.00,Buy,Filled,50,50,@2.26,2.26,DAY,02/25/2022 09:39:44 EST,02/25/2022 09:39:47 EST
SPY 02/25/2022 00:00:00 EST Call $431.00,SPY 02/25/2022 00:00:00 EST Call $431.00,Buy,Filled,50,50,@2.46,2.46,DAY,02/25/2022 09:34:02 EST,02/25/2022 09:34:57 EST
SPY 03/07/2022 00:00:00 EST Put $426.00,SPY 03/07/2022 00:00:00 EST Put $426.00,Sell,Filled,14,14,@5.59,5.59,DAY,02/25/2022 09:33:24 EST,02/25/2022 09:33:25 EST
SPY 03/07/2022 00:00:00 EST Put $426.00,SPY 03/07/2022 00:00:00 EST Put $426.00,Buy,Filled,4,4,@8.94,8.94,DAY,02/24/2022 15:00:19 EST,02/24/2022 15:00:21 EST
SPY 03/07/2022 00:00:00 EST Put $426.00,SPY 03/07/2022 00:00:00 EST Put $426.00,Buy,Filled,10,10,@8.95,8.95,DAY,02/24/2022 14:59:28 EST,02/24/2022 14:59:28 EST
SPY 02/25/2022 00:00:00 EST Call $419.00,SPY 02/25/2022 00:00:00 EST Call $419.00,Sell,Filled,50,50,@3.80,3.80,DAY,02/24/2022 14:14:13 EST,02/24/2022 14:14:20 EST
SPY 02/25/2022 00:00:00 EST Call $419.00,SPY 02/25/2022 00:00:00 EST Call $419.00,Buy,Filled,50,50,@3.45,3.45,DAY,02/24/2022 14:12:44 EST,02/24/2022 14:12:46 EST
SPY 02/25/2022 00:00:00 EST Put $418.00,SPY 02/25/2022 00:00:00 EST Put $418.00,Sell,Filled,70,70,@3.47,3.47,DAY,02/24/2022 14:10:02 EST,02/24/2022 14:10:03 EST
SPY 02/25/2022 00:00:00 EST Put $418.00,SPY 02/25/2022 00:00:00 EST Put $418.00,Buy,Filled,70,70,@3.10,3.10,DAY,02/24/2022 14:07:26 EST,02/24/2022 14:07:27 EST
SPY 03/02/2022 00:00:00 EST Put $420.00,SPY 03/02/2022 00:00:00 EST Put $420.00,Sell,Filled,33,33,@6.98,6.98,DAY,02/24/2022 14:05:32 EST,02/24/2022 14:05:33 EST
SPY 03/02/2022 00:00:00 EST Put $420.00,SPY 03/02/2022 00:00:00 EST Put $420.00,Buy,Filled,33,33,@7.39,7.39,DAY,02/24/2022 13:58:26 EST,02/24/2022 13:58:48 EST
SPY 03/02/2022 00:00:00 EST Put $420.00,SPY 03/02/2022 00:00:00 EST Put $420.00,Buy,Cancelled,0,35,@6.93,,DAY,02/24/2022 13:58:02 EST,
SPY 03/02/2022 00:00:00 EST Put $420.00,SPY 03/02/2022 00:00:00 EST Put $420.00,Sell,Filled,39,39,@6.38,6.38,DAY,02/24/2022 13:49:29 EST,02/24/2022 13:49:32 EST
SPY 03/02/2022 00:00:00 EST Put $420.00,SPY 03/02/2022 00:00:00 EST Put $420.00,Sell,Cancelled,0,39,@6.92,,DAY,02/24/2022 13:49:10 EST,
SPY 03/02/2022 00:00:00 EST Put $420.00,SPY 03/02/2022 00:00:00 EST Put $420.00,Buy,Filled,39,39,@3.13,3.13,DAY,02/22/2022 15:07:29 EST,02/22/2022 15:07:30 EST
SPY 02/23/2022 00:00:00 EST Put $426.00,SPY 02/23/2022 00:00:00 EST Put $426.00,Sell,Filled,95,95,@1.15,1.15,DAY,02/22/2022 15:02:51 EST,02/22/2022 15:02:52 EST
SPY 02/23/2022 00:00:00 EST Put $426.00,SPY 02/23/2022 00:00:00 EST Put $426.00,Buy,Filled,45,45,@2.17,2.17,DAY,02/22/2022 14:33:07 EST,02/22/2022 14:33:08 EST
SPY 02/23/2022 00:00:00 EST Put $426.00,SPY 02/23/2022 00:00:00 EST Put $426.00,Buy,Filled,50,50,@3.10,3.10,DAY,02/22/2022 14:23:59 EST,02/22/2022 14:24:13 EST
SPY 02/23/2022 00:00:00 EST Call $428.00,SPY 02/23/2022 00:00:00 EST Call $428.00,Sell,Filled,10,10,@3.22,3.22,DAY,02/22/2022 14:20:24 EST,02/22/2022 14:20:39 EST
SPY 02/23/2022 00:00:00 EST Call $428.00,SPY 02/23/2022 00:00:00 EST Call $428.00,Buy,Filled,10,10,@3.07,3.07,DAY,02/22/2022 14:18:48 EST,02/22/2022 14:18:49 EST
SPY 02/22/2022 00:00:00 EST Put $427.00,SPY 02/22/2022 00:00:00 EST Put $427.00,Sell,Filled,150,150,@1.66,1.66,DAY,02/22/2022 14:02:37 EST,02/22/2022 14:02:40 EST
SPY 02/22/2022 00:00:00 EST Put $427.00,SPY 02/22/2022 00:00:00 EST Put $427.00,Buy,Filled,50,50,@1.61,1.61,DAY,02/22/2022 13:56:19 EST,02/22/2022 13:56:22 EST
SPY 02/22/2022 00:00:00 EST Put $427.00,SPY 02/22/2022 00:00:00 EST Put $427.00,Buy,Filled,100,100,@1.67,1.67,DAY,02/22/2022 13:54:10 EST,02/22/2022 13:54:47 EST
SPY 02/22/2022 00:00:00 EST Put $427.00,SPY 02/22/2022 00:00:00 EST Put $427.00,Sell,Filled,60,60,@1.11,1.11,DAY,02/22/2022 13:42:22 EST,02/22/2022 13:42:32 EST
SPY 02/22/2022 00:00:00 EST Put $427.00,SPY 02/22/2022 00:00:00 EST Put $427.00,Buy,Filled,20,20,@0.930,0.930,DAY,02/22/2022 13:22:53 EST,02/22/2022 13:22:54 EST
SPY 02/22/2022 00:00:00 EST Put $427.00,SPY 02/22/2022 00:00:00 EST Put $427.00,Buy,Filled,10,10,@0.940,0.940,DAY,02/22/2022 13:21:49 EST,02/22/2022 13:21:50 EST
SPY 02/22/2022 00:00:00 EST Put $427.00,SPY 02/22/2022 00:00:00 EST Put $427.00,Buy,Filled,10,10,@0.990,0.990,DAY,02/22/2022 13:20:57 EST,02/22/2022 13:20:58 EST
SPY 02/22/2022 00:00:00 EST Put $427.00,SPY 02/22/2022 00:00:00 EST Put $427.00,Buy,Filled,20,20,@1.05,1.05,DAY,02/22/2022 13:20:16 EST,02/22/2022 13:20:16 EST
SPY 03/04/2022 00:00:00 EST Put $426.00,SPY 03/04/2022 00:00:00 EST Put $426.00,Sell,Filled,38,38,@6.70,6.70,DAY,02/22/2022 13:09:01 EST,02/22/2022 13:09:02 EST
SPY 03/04/2022 00:00:00 EST Put $426.00,SPY 03/04/2022 00:00:00 EST Put $426.00,Buy,Filled,38,38,@6.61,6.61,DAY,02/22/2022 09:35:28 EST,02/22/2022 09:35:29 EST
SPY 02/25/2022 00:00:00 EST Put $435.00,SPY 02/25/2022 00:00:00 EST Put $435.00,Sell,Filled,1,1,@5.21,5.21,DAY,02/18/2022 15:04:41 EST,02/18/2022 15:04:56 EST
SPY 02/25/2022 00:00:00 EST Put $435.00,SPY 02/25/2022 00:00:00 EST Put $435.00,Buy,Filled,1,1,@5.04,5.04,DAY,02/18/2022 15:03:59 EST,02/18/2022 15:04:00 EST
SPY 02/18/2022 00:00:00 EST Put $435.00,SPY 02/18/2022 00:00:00 EST Put $435.00,Sell,Filled,73,73,@3.51,3.51,DAY,02/18/2022 13:18:16 EST,02/18/2022 13:18:26 EST
SPY 02/18/2022 00:00:00 EST Put $435.00,SPY 02/18/2022 00:00:00 EST Put $435.00,Buy,Filled,73,73,@1.93,1.93,DAY,02/18/2022 09:45:46 EST,02/18/2022 09:45:47 EST
SPY 02/18/2022 00:00:00 EST Put $440.00,SPY 02/18/2022 00:00:00 EST Put $440.00,Sell,Filled,45,45,@3.10,3.10,DAY,02/17/2022 10:28:20 EST,02/17/2022 10:28:21 EST
SPY 02/18/2022 00:00:00 EST Put $440.00,SPY 02/18/2022 00:00:00 EST Put $440.00,Sell,Cancelled,0,45,@3.14,,DAY,02/17/2022 10:01:23 EST,
SPY 02/18/2022 00:00:00 EST Put $440.00,SPY 02/18/2022 00:00:00 EST Put $440.00,Buy,Filled,45,45,@2.11,2.11,DAY,02/17/2022 09:38:27 EST,02/17/2022 09:38:37 EST
SPY 02/18/2022 00:00:00 EST Call $450.00,SPY 02/18/2022 00:00:00 EST Call $450.00,Sell,Filled,30,30,@0.520,0.520,DAY,02/17/2022 09:32:21 EST,02/17/2022 09:32:22 EST
SPY 02/18/2022 00:00:00 EST Call $450.00,SPY 02/18/2022 00:00:00 EST Call $450.00,Buy,Filled,30,30,@1.50,1.50,DAY,02/16/2022 15:02:45 EST,02/16/2022 15:03:18 EST
SPY 03/16/2022 00:00:00 EDT Put $440.00,SPY 03/16/2022 00:00:00 EDT Put $440.00,Sell,Filled,16,16,@7.77,7.77,DAY,02/16/2022 14:58:11 EST,02/16/2022 14:58:12 EST
SPY 03/16/2022 00:00:00 EDT Put $440.00,SPY 03/16/2022 00:00:00 EDT Put $440.00,Buy,Filled,1,1,@9.82,9.82,DAY,02/15/2022 09:59:15 EST,02/15/2022 09:59:17 EST
SPY 03/16/2022 00:00:00 EDT Put $440.00,SPY 03/16/2022 00:00:00 EDT Put $440.00,Buy,Filled,15,15,@12.58,12.58,DAY,02/14/2022 15:47:36 EST,02/14/2022 15:47:36 EST
SPY 04/14/2022 00:00:00 EDT Put $445.00,SPY 04/14/2022 00:00:00 EDT Put $445.00,Sell,Filled,7,7,@19.58,19.58,DAY,02/14/2022 11:17:23 EST,02/14/2022 11:17:24 EST
SPY 04/14/2022 00:00:00 EDT Put $445.00,SPY 04/14/2022 00:00:00 EDT Put $445.00,Buy,Filled,1,1,@18.79,18.79,DAY,02/11/2022 15:29:48 EST,02/11/2022 15:29:49 EST
SPY 04/14/2022 00:00:00 EDT Put $445.00,SPY 04/14/2022 00:00:00 EDT Put $445.00,Buy,Filled,3,3,@14.48,14.48,DAY,02/11/2022 12:13:56 EST,02/11/2022 12:15:34 EST
SPY 04/14/2022 00:00:00 EDT Put $445.00,SPY 04/14/2022 00:00:00 EDT Put $445.00,Buy,Filled,3,3,@14.63,14.63,DAY,02/11/2022 12:09:56 EST,02/11/2022 12:09:59 EST
SPY 02/11/2022 00:00:00 EST Put $447.00,SPY 02/11/2022 00:00:00 EST Put $447.00,Sell,Filled,25,25,@1.74,1.74,DAY,02/11/2022 11:44:15 EST,02/11/2022 11:44:15 EST
SPY 02/11/2022 00:00:00 EST Put $447.00,SPY 02/11/2022 00:00:00 EST Put $447.00,Sell,Filled,25,25,@1.76,1.76,DAY,02/11/2022 11:43:49 EST,02/11/2022 11:43:59 EST
SPY 02/11/2022 00:00:00 EST Put $447.00,SPY 02/11/2022 00:00:00 EST Put $447.00,Sell,Filled,50,50,@1.62,1.62,DAY,02/11/2022 11:37:58 EST,02/11/2022 11:37:59 EST
SPY 02/11/2022 00:00:00 EST Put $447.00,SPY 02/11/2022 00:00:00 EST Put $447.00,Buy,Filled,100,100,@1.17,1.17,DAY,02/11/2022 11:12:27 EST,02/11/2022 11:12:28 EST
SPY 02/11/2022 00:00:00 EST Put $447.00,SPY 02/11/2022 00:00:00 EST Put $447.00,Buy,Cancelled,0,110,@1.04,,DAY,02/11/2022 11:11:20 EST,
SPY 03/31/2022 00:00:00 EDT Call $460.00,SPY 03/31/2022 00:00:00 EDT Call $460.00,Sell,Filled,5,5,@7.00,7.00,DAY,02/11/2022 09:35:11 EST,02/11/2022 09:35:14 EST
SPY 02/11/2022 00:00:00 EST Put $451.00,SPY 02/11/2022 00:00:00 EST Put $451.00,Sell,Filled,5,5,@2.64,2.64,DAY,02/11/2022 09:30:08 EST,02/11/2022 09:30:38 EST
SPY 02/11/2022 00:00:00 EST Put $451.00,SPY 02/11/2022 00:00:00 EST Put $451.00,Buy,Filled,5,5,@2.55,2.55,DAY,02/10/2022 13:29:09 EST,02/10/2022 13:29:13 EST
SPY 03/31/2022 00:00:00 EDT Call $460.00,SPY 03/31/2022 00:00:00 EDT Call $460.00,Buy,Filled,5,5,@8.58,8.58,DAY,02/10/2022 13:06:28 EST,02/10/2022 13:06:51 EST
SPY 02/11/2022 00:00:00 EST Put $455.00,SPY 02/11/2022 00:00:00 EST Put $455.00,Sell,Filled,42,42,@2.72,2.72,DAY,02/10/2022 11:34:11 EST,02/10/2022 11:34:12 EST
SPY 02/11/2022 00:00:00 EST Put $455.00,SPY 02/11/2022 00:00:00 EST Put $455.00,Buy,Filled,17,17,@2.17,2.17,DAY,02/10/2022 10:06:53 EST,02/10/2022 10:07:41 EST
SPY 02/11/2022 00:00:00 EST Put $455.00,SPY 02/11/2022 00:00:00 EST Put $455.00,Buy,Filled,25,25,@2.14,2.14,DAY,02/10/2022 10:03:26 EST,02/10/2022 10:03:27 EST
MU 03/18/2022 00:00:00 EDT Call $100.00,MU 03/18/2022 00:00:00 EDT Call $100.00,Sell,Filled,42,42,@2.42,2.42,DAY,02/10/2022 09:57:20 EST,02/10/2022 09:57:21 EST
MU 03/18/2022 00:00:00 EDT Call $100.00,MU 03/18/2022 00:00:00 EDT Call $100.00,Buy,Filled,42,42,@2.17,2.17,DAY,02/10/2022 09:48:01 EST,02/10/2022 09:48:02 EST
SPY 03/31/2022 00:00:00 EDT Put $446.00,SPY 03/31/2022 00:00:00 EDT Put $446.00,Sell,Filled,9,9,@10.10,10.10,DAY,02/10/2022 09:45:21 EST,02/10/2022 09:45:22 EST
SPY 03/31/2022 00:00:00 EDT Put $446.00,SPY 03/31/2022 00:00:00 EDT Put $446.00,Buy,Filled,1,1,@9.44,9.44,DAY,02/09/2022 09:44:03 EST,02/09/2022 09:44:32 EST
SPY 03/31/2022 00:00:00 EDT Put $446.00,SPY 03/31/2022 00:00:00 EDT Put $446.00,Buy,Filled,8,8,@11.48,11.48,DAY,02/08/2022 12:46:01 EST,02/08/2022 12:46:03 EST
SPY 03/31/2022 00:00:00 EDT Put $446.00,SPY 03/31/2022 00:00:00 EDT Put $446.00,Sell,Filled,7,7,@12.96,12.96,DAY,02/08/2022 10:47:28 EST,02/08/2022 10:47:45 EST
SPY 03/31/2022 00:00:00 EDT Put $446.00,SPY 03/31/2022 00:00:00 EDT Put $446.00,Buy,Filled,4,4,@12.48,12.48,DAY,02/07/2022 15:25:46 EST,02/07/2022 15:25:58 EST
NVDA 02/11/2022 00:00:00 EST Call $250.00,NVDA 02/11/2022 00:00:00 EST Call $250.00,Sell,Filled,5,5,@5.90,5.90,DAY,02/04/2022 10:29:06 EST,02/04/2022 10:29:07 EST
NVDA 02/11/2022 00:00:00 EST Call $250.00,NVDA 02/11/2022 00:00:00 EST Call $250.00,Buy,Filled,5,5,@5.75,5.75,DAY,02/04/2022 10:05:16 EST,02/04/2022 10:05:31 EST
NVDA 02/11/2022 00:00:00 EST Call $250.00,NVDA 02/11/2022 00:00:00 EST Call $250.00,Sell,Filled,3,3,@7.20,7.20,DAY,02/03/2022 09:36:12 EST,02/03/2022 09:36:14 EST
NVDA 02/11/2022 00:00:00 EST Call $250.00,NVDA 02/11/2022 00:00:00 EST Call $250.00,Buy,Filled,3,3,@6.35,6.35,DAY,02/03/2022 09:33:22 EST,02/03/2022 09:33:23 EST
SPY 03/31/2022 00:00:00 EDT Put $446.00,SPY 03/31/2022 00:00:00 EDT Put $446.00,Buy,Filled,3,3,@10.73,10.73,DAY,02/02/2022 09:45:04 EST,02/02/2022 09:45:05 EST
GM 02/18/2022 00:00:00 EST Put $50.00,GM 02/18/2022 00:00:00 EST Put $50.00,Sell,Filled,1,1,@0.420,0.420,DAY,02/02/2022 09:31:19 EST,02/02/2022 09:31:20 EST
AMD 02/18/2022 00:00:00 EST Call $120.00,AMD 02/18/2022 00:00:00 EST Call $120.00,Sell,Filled,4,4,@11.05,11.05,DAY,02/02/2022 09:30:33 EST,02/02/2022 09:30:55 EST
AMD 02/18/2022 00:00:00 EST Call $120.00,AMD 02/18/2022 00:00:00 EST Call $120.00,Buy,Filled,1,1,@4.70,4.70,DAY,02/01/2022 12:17:55 EST,02/01/2022 12:18:14 EST
AMD 02/18/2022 00:00:00 EST Call $120.00,AMD 02/18/2022 00:00:00 EST Call $120.00,Buy,Filled,3,3,@4.85,4.85,DAY,02/01/2022 12:06:56 EST,02/01/2022 12:06:56 EST
GM 02/18/2022 00:00:00 EST Put $50.00,GM 02/18/2022 00:00:00 EST Put $50.00,Buy,Filled,1,1,@1.00,1.00,DAY,02/01/2022 12:00:07 EST,02/01/2022 12:00:41 EST
SNAP 02/25/2022 00:00:00 EST Call $33.00,SNAP 02/25/2022 00:00:00 EST Call $33.00,Sell,Filled,1,1,@3.25,3.25,DAY,02/01/2022 10:33:35 EST,02/01/2022 10:33:35 EST
SPY 02/02/2022 00:00:00 EST Put $447.00,SPY 02/02/2022 00:00:00 EST Put $447.00,Sell,Filled,11,11,@2.00,2.00,DAY,02/01/2022 10:22:50 EST,02/01/2022 10:23:10 EST
SPY 02/02/2022 00:00:00 EST Put $447.00,SPY 02/02/2022 00:00:00 EST Put $447.00,Sell,Filled,11,11,@3.17,3.17,DAY,02/01/2022 10:06:02 EST,02/01/2022 10:06:02 EST
SPY 02/02/2022 00:00:00 EST Put $447.00,SPY 02/02/2022 00:00:00 EST Put $447.00,Buy,Filled,13,13,@2.31,2.31,DAY,02/01/2022 09:46:44 EST,02/01/2022 09:46:45 EST
SPY 02/02/2022 00:00:00 EST Put $447.00,SPY 02/02/2022 00:00:00 EST Put $447.00,Buy,Filled,9,9,@2.28,2.28,DAY,02/01/2022 09:44:35 EST,02/01/2022 09:44:36 EST
SPY 02/02/2022 00:00:00 EST Put $447.00,SPY 02/02/2022 00:00:00 EST Put $447.00,Buy,Cancelled,0,9,@2.31,,DAY,02/01/2022 09:41:58 EST,
SPY 02/02/2022 00:00:00 EST Put $448.00,SPY 02/02/2022 00:00:00 EST Put $448.00,Buy,Cancelled,0,7,@2.23,,DAY,02/01/2022 09:32:09 EST,
SNAP 02/25/2022 00:00:00 EST Call $33.00,SNAP 02/25/2022 00:00:00 EST Call $33.00,Sell,Filled,2,2,@3.02,3.02,DAY,01/31/2022 10:14:47 EST,01/31/2022 10:14:47 EST
UBER 02/18/2022 00:00:00 EST Call $35.00,UBER 02/18/2022 00:00:00 EST Call $35.00,Sell,Filled,3,3,@2.96,2.96,DAY,01/31/2022 09:33:11 EST,01/31/2022 09:33:11 EST
UBER 02/18/2022 00:00:00 EST Call $35.00,UBER 02/18/2022 00:00:00 EST Call $35.00,Buy,Filled,3,3,@2.25,2.25,DAY,01/28/2022 12:47:02 EST,01/28/2022 12:47:03 EST
SNAP 02/25/2022 00:00:00 EST Call $33.00,SNAP 02/25/2022 00:00:00 EST Call $33.00,Buy,Filled,3,3,@2.10,2.10,DAY,01/28/2022 12:36:20 EST,01/28/2022 12:36:39 EST
SPY 01/28/2022 00:00:00 EST Call $438.00,SPY 01/28/2022 00:00:00 EST Call $438.00,Sell,Filled,48,48,@0.7302,0.7302,DAY,01/28/2022 11:10:53 EST,01/28/2022 11:10:53 EST
SPY 01/28/2022 00:00:00 EST Call $438.00,SPY 01/28/2022 00:00:00 EST Call $438.00,Sell,Filled,50,50,@0.580,0.580,DAY,01/28/2022 11:09:07 EST,01/28/2022 11:09:10 EST
SPY 01/28/2022 00:00:00 EST Call $438.00,SPY 01/28/2022 00:00:00 EST Call $438.00,Buy,Filled,19,19,@0.320,0.320,DAY,01/28/2022 09:46:32 EST,01/28/2022 09:46:33 EST
AAL 02/18/2022 00:00:00 EST Call $16.50,AAL 02/18/2022 00:00:00 EST Call $16.50,Sell,Filled,12,12,@0.510,0.510,DAY,01/28/2022 09:46:05 EST,01/28/2022 09:46:06 EST
SPY 01/28/2022 00:00:00 EST Call $438.00,SPY 01/28/2022 00:00:00 EST Call $438.00,Buy,Filled,19,19,@0.370,0.370,DAY,01/28/2022 09:38:39 EST,01/28/2022 09:38:39 EST
SPY 01/28/2022 00:00:00 EST Call $438.00,SPY 01/28/2022 00:00:00 EST Call $438.00,Buy,Filled,30,30,@0.390,0.390,DAY,01/28/2022 09:37:26 EST,01/28/2022 09:37:38 EST
SPY 01/28/2022 00:00:00 EST Call $438.00,SPY 01/28/2022 00:00:00 EST Call $438.00,Buy,Filled,16,16,@0.590,0.590,DAY,01/28/2022 09:32:14 EST,01/28/2022 09:32:15 EST
SPY 01/28/2022 00:00:00 EST Call $438.00,SPY 01/28/2022 00:00:00 EST Call $438.00,Buy,Filled,14,14,@0.770,0.770,DAY,01/28/2022 09:31:10 EST,01/28/2022 09:31:11 EST
AAL 02/18/2022 00:00:00 EST Call $16.50,AAL 02/18/2022 00:00:00 EST Call $16.50,Buy,Filled,7,7,@0.570,0.570,DAY,01/27/2022 14:33:30 EST,01/27/2022 14:33:59 EST
AAL 02/18/2022 00:00:00 EST Call $16.50,AAL 02/18/2022 00:00:00 EST Call $16.50,Buy,Filled,5,5,@0.810,0.810,DAY,01/27/2022 10:59:43 EST,01/27/2022 10:59:44 EST
SPY 01/28/2022 00:00:00 EST Put $435.00,SPY 01/28/2022 00:00:00 EST Put $435.00,Sell,Filled,4,4,@3.50,3.50,DAY,01/27/2022 10:38:26 EST,01/27/2022 10:38:27 EST
SPY 01/28/2022 00:00:00 EST Put $435.00,SPY 01/28/2022 00:00:00 EST Put $435.00,Buy,Filled,4,4,@2.78,2.78,DAY,01/27/2022 10:24:32 EST,01/27/2022 10:24:33 EST
SPY 02/04/2022 00:00:00 EST Call $444.00,SPY 02/04/2022 00:00:00 EST Call $444.00,Sell,Filled,7,7,@6.14,6.14,DAY,01/27/2022 09:49:47 EST,01/27/2022 09:49:49 EST
SPY 02/04/2022 00:00:00 EST Call $444.00,SPY 02/04/2022 00:00:00 EST Call $444.00,Buy,Filled,3,3,@4.63,4.63,DAY,01/26/2022 14:53:18 EST,01/26/2022 14:53:20 EST
SPY 02/04/2022 00:00:00 EST Call $444.00,SPY 02/04/2022 00:00:00 EST Call $444.00,Buy,Filled,2,2,@6.07,6.07,DAY,01/26/2022 14:14:51 EST,01/26/2022 14:15:10 EST
SPY 02/04/2022 00:00:00 EST Call $444.00,SPY 02/04/2022 00:00:00 EST Call $444.00,Buy,Filled,2,2,@7.25,7.25,DAY,01/26/2022 14:04:03 EST,01/26/2022 14:04:04 EST
IBM 01/28/2022 00:00:00 EST Put $118.00,IBM 01/28/2022 00:00:00 EST Put $118.00,Sell,Filled,1,1,@0.380,0.380,DAY,01/25/2022 09:33:25 EST,01/25/2022 09:33:26 EST
SPY 01/31/2022 00:00:00 EST Call $440.00,SPY 01/31/2022 00:00:00 EST Call $440.00,Sell,Filled,8,8,@5.08,5.08,DAY,01/25/2022 09:30:48 EST,01/25/2022 09:30:49 EST
SPY 01/31/2022 00:00:00 EST Call $440.00,SPY 01/31/2022 00:00:00 EST Call $440.00,Buy,Filled,8,8,@3.41,3.41,DAY,01/24/2022 13:13:05 EST,01/24/2022 13:13:06 EST
SPY 01/28/2022 00:00:00 EST Put $425.00,SPY 01/28/2022 00:00:00 EST Put $425.00,Sell,Filled,4,4,@7.03,7.03,DAY,01/24/2022 13:10:23 EST,01/24/2022 13:10:24 EST
IBM 01/28/2022 00:00:00 EST Put $118.00,IBM 01/28/2022 00:00:00 EST Put $118.00,Buy,Filled,1,1,@3.45,3.45,DAY,01/24/2022 12:12:34 EST,01/24/2022 12:12:52 EST
SPY 01/28/2022 00:00:00 EST Put $425.00,SPY 01/28/2022 00:00:00 EST Put $425.00,Buy,Filled,4,4,@6.81,6.81,DAY,01/24/2022 10:49:19 EST,01/24/2022 10:49:21 EST
SPY 01/31/2022 00:00:00 EST Call $440.00,SPY 01/31/2022 00:00:00 EST Call $440.00,Sell,Filled,1,1,@3.70,3.70,DAY,01/24/2022 10:48:23 EST,01/24/2022 10:48:24 EST
SPY 01/31/2022 00:00:00 EST Call $440.00,SPY 01/31/2022 00:00:00 EST Call $440.00,Buy,Filled,1,1,@7.25,7.25,DAY,01/21/2022 15:57:17 EST,01/21/2022 15:57:42 EST
SPY 01/24/2022 00:00:00 EST Put $454.00,SPY 01/24/2022 00:00:00 EST Put $454.00,Sell,Filled,7,7,@3.54,3.54,DAY,01/20/2022 15:01:43 EST,01/20/2022 15:02:07 EST
SPY 01/24/2022 00:00:00 EST Put $454.00,SPY 01/24/2022 00:00:00 EST Put $454.00,Buy,Filled,3,3,@2.17,2.17,DAY,01/20/2022 10:32:29 EST,01/20/2022 10:32:30 EST
SPY 01/24/2022 00:00:00 EST Put $454.00,SPY 01/24/2022 00:00:00 EST Put $454.00,Buy,Filled,4,4,@2.56,2.56,DAY,01/20/2022 10:25:28 EST,01/20/2022 10:27:22 EST
AAPL 01/28/2022 00:00:00 EST Call $170.00,AAPL 01/28/2022 00:00:00 EST Call $170.00,Sell,Filled,5,5,@3.30,3.30,DAY,01/20/2022 10:16:52 EST,01/20/2022 10:18:35 EST
AAPL 01/28/2022 00:00:00 EST Call $170.00,AAPL 01/28/2022 00:00:00 EST Call $170.00,Buy,Filled,5,5,@3.20,3.20,DAY,01/20/2022 09:44:23 EST,01/20/2022 09:44:24 EST
SPY 01/24/2022 00:00:00 EST Put $458.00,SPY 01/24/2022 00:00:00 EST Put $458.00,Sell,Filled,2,2,@7.48,7.48,DAY,01/19/2022 15:56:39 EST,01/19/2022 15:56:40 EST
SPY 01/24/2022 00:00:00 EST Put $458.00,SPY 01/24/2022 00:00:00 EST Put $458.00,Buy,Filled,1,1,@4.51,4.51,DAY,01/18/2022 09:46:14 EST,01/18/2022 09:46:14 EST
MARA 02/18/2022 00:00:00 EST Call $30.00,MARA 02/18/2022 00:00:00 EST Call $30.00,Sell,Filled,2,2,@2.70,2.70,DAY,01/18/2022 09:40:30 EST,01/18/2022 09:40:31 EST
SPY 01/24/2022 00:00:00 EST Put $458.00,SPY 01/24/2022 00:00:00 EST Put $458.00,Buy,Filled,1,1,@4.61,4.61,DAY,01/18/2022 09:39:41 EST,01/18/2022 09:39:42 EST
MARA 02/18/2022 00:00:00 EST Call $30.00,MARA 02/18/2022 00:00:00 EST Call $30.00,Buy,Filled,2,2,@3.50,3.50,DAY,01/14/2022 09:59:14 EST,01/14/2022 10:00:04 EST
MU 01/21/2022 00:00:00 EST Call $98.00,MU 01/21/2022 00:00:00 EST Call $98.00,Sell,Filled,3,3,@2.06,2.06,DAY,01/13/2022 11:42:55 EST,01/13/2022 11:42:56 EST
MU 01/21/2022 00:00:00 EST Call $98.00,MU 01/21/2022 00:00:00 EST Call $98.00,Buy,Filled,3,3,@1.79,1.79,DAY,01/13/2022 09:41:09 EST,01/13/2022 09:41:57 EST
MU 01/21/2022 00:00:00 EST Call $98.00,MU 01/21/2022 00:00:00 EST Call $98.00,Buy,Cancelled,0,4,@1.57,,DAY,01/13/2022 09:37:22 EST,
BA 01/21/2022 00:00:00 EST Call $220.00,BA 01/21/2022 00:00:00 EST Call $220.00,Sell,Filled,1,1,@4.66,4.66,DAY,01/12/2022 09:51:20 EST,01/12/2022 09:51:21 EST
BA 01/21/2022 00:00:00 EST Call $220.00,BA 01/21/2022 00:00:00 EST Call $220.00,Buy,Filled,1,1,@3.60,3.60,DAY,01/12/2022 09:33:11 EST,01/12/2022 09:33:22 EST
SPY 01/21/2022 00:00:00 EST Call $475.00,SPY 01/21/2022 00:00:00 EST Call $475.00,Buy,Cancelled,0,3,@1.70,,DAY,01/11/2022 15:19:54 EST,
BABA 01/21/2022 00:00:00 EST Call $133.00,BABA 01/21/2022 00:00:00 EST Call $133.00,Sell,Filled,1,1,@4.70,4.70,DAY,01/11/2022 09:41:55 EST,01/11/2022 09:42:18 EST
BABA 01/21/2022 00:00:00 EST Call $133.00,BABA 01/21/2022 00:00:00 EST Call $133.00,Buy,Filled,1,1,@4.15,4.15,DAY,01/11/2022 09:39:00 EST,01/11/2022 09:39:14 EST
SPY 01/18/2022 00:00:00 EST Call $464.00,SPY 01/18/2022 00:00:00 EST Call $464.00,Sell,Filled,1,1,@4.52,4.52,DAY,01/11/2022 09:32:47 EST,01/11/2022 09:32:50 EST
SPY 01/18/2022 00:00:00 EST Call $464.00,SPY 01/18/2022 00:00:00 EST Call $464.00,Buy,Filled,1,1,@3.87,3.87,DAY,01/10/2022 14:31:41 EST,01/10/2022 14:31:51 EST
SOFI 03/18/2022 00:00:00 EDT Call $20.00,SOFI 03/18/2022 00:00:00 EDT Call $20.00,Sell,Filled,9,9,@0.420,0.420,DAY,01/10/2022 10:05:44 EST,01/10/2022 10:06:06 EST
SOFI 03/18/2022 00:00:00 EDT Call $20.00,SOFI 03/18/2022 00:00:00 EDT Call $20.00,Buy,Filled,9,9,@0.610,0.610,DAY,01/06/2022 10:38:11 EST,01/06/2022 10:38:11 EST
BABA 01/14/2022 00:00:00 EST Call $126.00,BABA 01/14/2022 00:00:00 EST Call $126.00,Sell,Filled,1,1,@4.30,4.30,DAY,01/06/2022 10:37:29 EST,01/06/2022 10:37:30 EST
BABA 01/14/2022 00:00:00 EST Call $126.00,BABA 01/14/2022 00:00:00 EST Call $126.00,Buy,Filled,1,1,@3.75,3.75,DAY,01/06/2022 10:16:53 EST,01/06/2022 10:17:16 EST
UPST 01/28/2022 00:00:00 EST Call $135.00,UPST 01/28/2022 00:00:00 EST Call $135.00,Buy,Cancelled,0,1,@4.20,,DAY,01/06/2022 10:14:57 EST,
AAPL 01/21/2022 00:00:00 EST Call $180.00,AAPL 01/21/2022 00:00:00 EST Call $180.00,Sell,Filled,2,2,@2.12,2.12,DAY,01/05/2022 15:58:18 EST,01/05/2022 15:58:38 EST
AAPL 01/21/2022 00:00:00 EST Call $180.00,AAPL 01/21/2022 00:00:00 EST Call $180.00,Buy,Filled,2,2,@2.53,2.53,DAY,01/05/2022 15:33:11 EST,01/05/2022 15:33:29 EST
MU 01/21/2022 00:00:00 EST Call $99.00,MU 01/21/2022 00:00:00 EST Call $99.00,Sell,Filled,2,2,@2.83,2.83,DAY,01/05/2022 10:24:45 EST,01/05/2022 10:24:46 EST
MU 01/21/2022 00:00:00 EST Call $99.00,MU 01/21/2022 00:00:00 EST Call $99.00,Buy,Filled,2,2,@1.83,1.83,DAY,01/04/2022 15:31:51 EST,01/04/2022 15:31:52 EST
UPST 01/07/2022 00:00:00 EST Put $136.00,UPST 01/07/2022 00:00:00 EST Put $136.00,Sell,Filled,1,1,@4.00,4.00,DAY,01/04/2022 10:19:45 EST,01/04/2022 10:19:47 EST
UPST 01/07/2022 00:00:00 EST Put $136.00,UPST 01/07/2022 00:00:00 EST Put $136.00,Buy,Filled,1,1,@3.69,3.69,DAY,01/04/2022 10:05:23 EST,01/04/2022 10:05:24 EST
SOFI 02/18/2022 00:00:00 EST Call $20.00,SOFI 02/18/2022 00:00:00 EST Call $20.00,Sell,Filled,9,9,@0.420,0.420,DAY,01/04/2022 10:03:21 EST,01/04/2022 10:03:43 EST
SOFI 02/18/2022 00:00:00 EST Call $20.00,SOFI 02/18/2022 00:00:00 EST Call $20.00,Sell,Cancelled,0,9,@0.490,,DAY,01/04/2022 09:55:05 EST,
SOFI 02/18/2022 00:00:00 EST Call $20.00,SOFI 02/18/2022 00:00:00 EST Call $20.00,Buy,Filled,9,9,@0.470,0.470,DAY,12/29/2021 14:47:20 EST,12/29/2021 14:55:31 EST
NIO 01/21/2022 00:00:00 EST Call $30.00,NIO 01/21/2022 00:00:00 EST Call $30.00,Sell,Filled,3,3,@1.23,1.23,DAY,12/29/2021 13:57:23 EST,12/29/2021 13:58:13 EST
NIO 01/21/2022 00:00:00 EST Call $30.00,NIO 01/21/2022 00:00:00 EST Call $30.00,Buy,Filled,3,3,@1.05,1.05,DAY,12/29/2021 11:15:08 EST,12/29/2021 11:15:09 EST
SPY 12/31/2021 00:00:00 EST Call $480.00,SPY 12/31/2021 00:00:00 EST Call $480.00,Sell,Filled,6,6,@0.590,0.590,DAY,12/29/2021 11:14:24 EST,12/29/2021 11:14:31 EST
SPY 12/31/2021 00:00:00 EST Call $480.00,SPY 12/31/2021 00:00:00 EST Call $480.00,Buy,Filled,6,6,@0.720,0.720,DAY,12/29/2021 10:47:46 EST,12/29/2021 10:48:10 EST
SPY 05/14/2021 00:00:00 EDT Put $400.00,SPY 05/14/2021 00:00:00 EDT Put $400.00,Sell,Filled,2,2,@0.490,0.490,DAY,05/13/2021 09:39:00 EDT,05/13/2021 09:39:01 EDT
SPY 05/14/2021 00:00:00 EDT Put $400.00,SPY 05/14/2021 00:00:00 EDT Put $400.00,Buy,Filled,2,2,@1.52,1.52,DAY,05/12/2021 16:00:05 EDT,05/12/2021 16:00:17 EDT
PLTR 06/18/2021 00:00:00 EDT Call $25.00,PLTR 06/18/2021 00:00:00 EDT Call $25.00,Sell,Filled,12,12,@0.280,0.280,DAY,05/12/2021 15:22:22 EDT,05/12/2021 15:22:23 EDT
PLTR 06/18/2021 00:00:00 EDT Call $25.00,PLTR 06/18/2021 00:00:00 EDT Call $25.00,Buy,Filled,12,12,@0.860,0.860,DAY,05/04/2021 15:43:28 EDT,05/04/2021 15:43:29 EDT
PLTR 05/07/2021 00:00:00 EDT Put $23.50,PLTR 05/07/2021 00:00:00 EDT Put $23.50,Sell,Filled,22,22,@0.690,0.690,DAY,04/29/2021 09:57:56 EDT,04/29/2021 09:57:56 EDT
PLTR 05/07/2021 00:00:00 EDT Put $23.50,PLTR 05/07/2021 00:00:00 EDT Put $23.50,Buy,Filled,22,22,@0.610,0.610,DAY,04/27/2021 12:43:41 EDT,04/27/2021 12:43:42 EDT
PLTR 04/30/2021 00:00:00 EDT Put $23.00,PLTR 04/30/2021 00:00:00 EDT Put $23.00,Sell,Filled,123,123,@0.110,0.110,DAY,04/27/2021 12:06:01 EDT,04/27/2021 12:06:01 EDT
PLTR 04/30/2021 00:00:00 EDT Put $23.00,PLTR 04/30/2021 00:00:00 EDT Put $23.00,Buy,Filled,123,123,@0.160,0.160,DAY,04/27/2021 10:07:17 EDT,04/27/2021 10:08:01 EDT
PLTR 04/30/2021 00:00:00 EDT Put $23.00,PLTR 04/30/2021 00:00:00 EDT Put $23.00,Buy,Cancelled,0,123,@0.160,,DAY,04/27/2021 10:06:53 EDT,
PLTR 04/30/2021 00:00:00 EDT Put $23.00,PLTR 04/30/2021 00:00:00 EDT Put $23.00,Sell,Filled,90,90,@0.220,0.220,DAY,04/27/2021 09:49:48 EDT,04/27/2021 09:50:28 EDT
PLTR 04/30/2021 00:00:00 EDT Put $23.00,PLTR 04/30/2021 00:00:00 EDT Put $23.00,Buy,Filled,90,90,@0.180,0.180,DAY,04/26/2021 15:39:58 EDT,04/26/2021 15:39:58 EDT
PLTR 04/30/2021 00:00:00 EDT Put $23.00,PLTR 04/30/2021 00:00:00 EDT Put $23.00,Buy,Cancelled,0,95,@0.170,,DAY,04/26/2021 15:39:31 EDT,
PLTR 06/18/2021 00:00:00 EDT Call $30.00,PLTR 06/18/2021 00:00:00 EDT Call $30.00,Sell,Filled,28,28,@0.570,0.570,DAY,04/26/2021 15:33:14 EDT,04/26/2021 15:33:16 EDT
PLTR 06/18/2021 00:00:00 EDT Call $30.00,PLTR 06/18/2021 00:00:00 EDT Call $30.00,Buy,Filled,28,28,@0.730,0.730,DAY,04/15/2021 15:29:40 EDT,04/15/2021 15:29:41 EDT
ATOS 01/21/2022 00:00:00 EST Call $7.00,ATOS 01/21/2022 00:00:00 EST Call $7.00,Sell,Filled,20,20,@0.500,0.500,DAY,03/23/2021 10:03:15 EDT,03/23/2021 10:03:15 EDT
ATOS 01/21/2022 00:00:00 EST Call $7.00,ATOS 01/21/2022 00:00:00 EST Call $7.00,Buy,Filled,9,9,@1.00,1.00,DAY,03/22/2021 10:51:53 EDT,03/22/2021 10:51:54 EDT
ATOS 07/16/2021 00:00:00 EDT Call $9.00,ATOS 07/16/2021 00:00:00 EDT Call $9.00,Buy,Cancelled,0,32,@0.300,,DAY,03/22/2021 10:50:05 EDT,
ATOS 01/21/2022 00:00:00 EST Call $7.00,ATOS 01/21/2022 00:00:00 EST Call $7.00,Buy,Filled,11,11,@1.45,1.45,DAY,02/25/2021 14:25:31 EST,02/25/2021 14:25:32 EST
LTHM 07/16/2021 00:00:00 EDT Call $25.00,LTHM 07/16/2021 00:00:00 EDT Call $25.00,Sell,Filled,2,2,@2.75,2.75,DAY,01/29/2021 15:55:45 EST,01/29/2021 15:55:46 EST
LTHM 07/16/2021 00:00:00 EDT Call $25.00,LTHM 07/16/2021 00:00:00 EDT Call $25.00,Sell,Cancelled,0,2,@2.85,,DAY,01/29/2021 15:55:23 EST,
LTHM 07/16/2021 00:00:00 EDT Call $25.00,LTHM 07/16/2021 00:00:00 EDT Call $25.00,Buy,Filled,2,2,@3.50,3.50,GTC,01/28/2021 15:26:41 EST,01/28/2021 15:26:42 EST
